Course code,Course title,Units,Requisite,Sections
110,Computer Science Principles - The Beauty and Joy of Computing, 3,Restriction: Cannot have taken CSC 111 or CSC 112 or CSC 113 or CSC 114 or CSC 116 or CSC 200,"[{'Section': '001', 'Component': 'Lec', 'Class #': '9566', 'Avail.': 'Reserved73/80', 'Day/Time': 'M/W 10:15AM-11:30AM', 'Location': '218 111 Lampe Drive', 'Instructor': 'Price,Thomas William', 'Begin/End Dates': '08/22/22 - 12/05/22', 'Topic': '', 'Notes': '  Seat Info:\n\n\n\n\n\n\n\n'}]"
111,Introduction to Computing: Python, 3,Co-requisite: E 115 or COS 100 and MA 121 or MA 131 or MA 141,"[{'Section': '001', 'Component': 'Lec', 'Class #': '6668', 'Avail.': 'Reserved69/140', 'Day/Time': 'T 3:00PM-4:50PM', 'Location': '3712 Bostian Hall', 'Instructor': 'Jiao,Shuyin', 'Begin/End Dates': '08/22/22 - 12/05/22', 'Topic': '', 'Notes': ' class notes Seat Info:\n\n\n\n\n\n\n\n'}, {'Section': '201', 'Component': 'Lab', 'Class #': '6699', 'Avail.': 'Closed0/35', 'Day/Time': 'W 1:30PM-4:15PM', 'Location': '255 111 Lampe Drive', 'Instructor': 'Jiao,Shuyin', 'Begin/End Dates': '08/22/22 - 12/05/22', 'Topic': '', 'Notes': ' class notes\n\n\n\n\n\n\n\n'}, {'Section': '202', 'Component': 'Lab', 'Class #': '6700', 'Avail.': 'Open12/35', 'Day/Time': 'W 4:30PM-7:15PM', 'Location': '255 111 Lampe Drive', 'Instructor': 'Jiao,Shuyin', 'Begin/End Dates': '08/22/22 - 12/05/22', 'Topic': '', 'Notes': ' class notes\n\n\n\n\n\n\n\n'}, {'Section': '203', 'Component': 'Lab', 'Class #': '6701', 'Avail.': 'Open31/35', 'Day/Time': 'Th 7:30PM-10:15PM', 'Location': '255 111 Lampe Drive', 'Instructor': 'Jiao,Shuyin', 'Begin/End Dates': '08/22/22 - 12/05/22', 'Topic': '', 'Notes': ' class notes\n\n\n\n\n\n\n\n'}, {'Section': '204', 'Component': 'Lab', 'Class #': '8956', 'Avail.': 'Open26/35', 'Day/Time': 'F 1:30PM-4:15PM', 'Location': '255 111 Lampe Drive', 'Instructor': 'Jiao,Shuyin', 'Begin/End Dates': '08/22/22 - 12/05/22', 'Topic': '', 'Notes': ' class notes\n\n\n\n\n\n\n\n'}]"
113,Introduction to Computing - MATLAB, 3,Co-requisite: E 115 or COS 100 and MA 121 or MA 131 or MA 141,"[{'Section': '001', 'Component': 'Lec', 'Class #': '5636', 'Avail.': 'Open187/255', 'Day/Time': 'T 3:00PM-4:50PM', 'Location': '232A Withers Hall', 'Instructor': 'Battestilli,Tzvetelina', 'Begin/End Dates': '08/22/22 - 12/05/22', 'Topic': '', 'Notes': ' class notes Seat Info:\n\n\n\n\n\n\n\n'}, {'Section': '201', 'Component': 'Lab', 'Class #': '5637', 'Avail.': 'Open33/40', 'Day/Time': 'W 6:00PM-8:45PM', 'Location': '200 111 Lampe Drive', 'Instructor': 'Battestilli,Tzvetelina', 'Begin/End Dates': '08/22/22 - 12/05/22', 'Topic': '', 'Notes': ' class notes\n\n\n\n\n\n\n\n'}, {'Section': '202', 'Component': 'Lab', 'Class #': '5639', 'Avail.': 'Open30/35', 'Day/Time': 'W 7:30PM-10:15PM', 'Location': '255 111 Lampe Drive', 'Instructor': 'Battestilli,Tzvetelina', 'Begin/End Dates': '08/22/22 - 12/05/22', 'Topic': '', 'Notes': ' class notes\n\n\n\n\n\n\n\n'}, {'Section': '203', 'Component': 'Lab', 'Class #': '5640', 'Avail.': 'Open23/35', 'Day/Time': 'Th 10:15AM-1:00PM', 'Location': '255 111 Lampe Drive', 'Instructor': 'Battestilli,Tzvetelina', 'Begin/End Dates': '08/22/22 - 12/05/22', 'Topic': '', 'Notes': ' class notes\n\n\n\n\n\n\n\n'}, {'Section': '204', 'Component': 'Lab', 'Class #': '5641', 'Avail.': 'Closed0/35', 'Day/Time': 'Th 1:30PM-4:15PM', 'Location': '255 111 Lampe Drive', 'Instructor': 'Battestilli,Tzvetelina', 'Begin/End Dates': '08/22/22 - 12/05/22', 'Topic': '', 'Notes': ' class notes\n\n\n\n\n\n\n\n'}, {'Section': '205', 'Component': 'Lab', 'Class #': '6703', 'Avail.': 'Open29/35', 'Day/Time': 'Th 4:30PM-7:15PM', 'Location': '255 111 Lampe Drive', 'Instructor': 'Battestilli,Tzvetelina', 'Begin/End Dates': '08/22/22 - 12/05/22', 'Topic': '', 'Notes': ' class notes\n\n\n\n\n\n\n\n'}, {'Section': '206', 'Component': 'Lab', 'Class #': '7406', 'Avail.': 'Open39/40', 'Day/Time': 'Th 6:00PM-8:45PM', 'Location': '200 111 Lampe Drive', 'Instructor': 'Battestilli,Tzvetelina', 'Begin/End Dates': '08/22/22 - 12/05/22', 'Topic': '', 'Notes': ' class notes\n\n\n\n\n\n\n\n'}, {'Section': '207', 'Component': 'Lab', 'Class #': '7890', 'Avail.': 'Open33/35', 'Day/Time': 'F 10:15AM-1:00PM', 'Location': '255 111 Lampe Drive', 'Instructor': 'Battestilli,Tzvetelina', 'Begin/End Dates': '08/22/22 - 12/05/22', 'Topic': '', 'Notes': ' class notes\n\n\n\n\n\n\n\n'}]"
116,Introduction to Computing - Java, 3,Co-requisite: E 115 or COS 100 and MA 121 or MA 131 or MA 141,"[{'Section': '001', 'Component': 'Lec', 'Class #': '1915', 'Avail.': 'Open39/40', 'Day/Time': 'M/W 8:30AM-10:20AM', 'Location': '200 111 Lampe Drive', 'Instructor': 'Staff', 'Begin/End Dates': '08/22/22 - 12/05/22', 'Topic': '', 'Notes': ' class notes Seat Info:\n\n\n\n\n\n\n\n'}, {'Section': '002', 'Component': 'Lec', 'Class #': '5622', 'Avail.': 'Reserved35/40', 'Day/Time': 'M/W 10:40AM-12:30PM', 'Location': '200 111 Lampe Drive', 'Instructor': 'Balik,Suzanne M', 'Begin/End Dates': '08/22/22 - 12/05/22', 'Topic': '', 'Notes': ' class notes Seat Info:\n\n\n\n\n\n\n\n'}, {'Section': '003', 'Component': 'Lec', 'Class #': '1916', 'Avail.': 'Reserved38/40', 'Day/Time': 'M/W 12:50PM-2:40PM', 'Location': '200 111 Lampe Drive', 'Instructor': 'Akram,Bita ', 'Begin/End Dates': '08/22/22 - 12/05/22', 'Topic': '', 'Notes': ' class notes Seat Info:\n\n\n\n\n\n\n\n'}, {'Section': '004', 'Component': 'Lec', 'Class #': '5976', 'Avail.': 'Reserved34/40', 'Day/Time': 'M/W 3:00PM-4:50PM', 'Location': '200 111 Lampe Drive', 'Instructor': 'Balik,Suzanne M', 'Begin/End Dates': '08/22/22 - 12/05/22', 'Topic': '', 'Notes': ' class notes Seat Info:\n\n\n\n\n\n\n\n'}, {'Section': '005', 'Component': 'Lec', 'Class #': '1917', 'Avail.': 'Open60/60', 'Day/Time': 'T/Th 8:30AM-10:20AM', 'Location': '341 111 Lampe Drive', 'Instructor': 'Schmidt,Jessica Young', 'Begin/End Dates': '08/22/22 - 12/05/22', 'Topic': '', 'Notes': ' class notes Seat Info:\n\n\n\n\n\n\n\n'}, {'Section': '006', 'Component': 'Lec', 'Class #': '1918', 'Avail.': 'Open59/60', 'Day/Time': 'T/Th 10:40AM-12:30PM', 'Location': '341 111 Lampe Drive', 'Instructor': 'Schmidt,Jessica Young', 'Begin/End Dates': '08/22/22 - 12/05/22', 'Topic': '', 'Notes': ' class notes Seat Info:\n\n\n\n\n\n\n\n'}, {'Section': '601', 'Component': 'Lec', 'Class #': '1919', 'Avail.': 'Open50/50', 'Day/Time': ' TBD', 'Location': 'Distance Education - Online', 'Instructor': 'Glatz,Michelle Anne', 'Begin/End Dates': '08/22/22 - 12/05/22', 'Topic': '', 'Notes': ' class notes \n\n\n\n\n\n\n\n'}]"
216,Software Development Fundamentals, 3,Prerequisite: CSC 116 with a grade of C or better; Corequisite: CSC 217,"[{'Section': '001', 'Component': 'Lec', 'Class #': '1920', 'Avail.': 'Waitlist0/85 (5)', 'Day/Time': 'M/W 10:15AM-11:30AM', 'Location': '2201 Engineering Building 3', 'Instructor': 'Heckman,Sarah Smith', 'Begin/End Dates': '08/22/22 - 12/05/22', 'Topic': '', 'Notes': ' class notes \n\n\n\n\n\n\n\n'}, {'Section': '002', 'Component': 'Lec', 'Class #': '1921', 'Avail.': 'Open263/350', 'Day/Time': 'T/Th 11:45AM-1:00PM', 'Location': '1103 James B Hunt Jr Centenni', 'Instructor': 'Heckman,Sarah Smith', 'Begin/End Dates': '08/22/22 - 12/05/22', 'Topic': '', 'Notes': ' class notes \n\n\n\n\n\n\n\n'}, {'Section': '601', 'Component': 'Lec', 'Class #': '10072', 'Avail.': 'Open40/40', 'Day/Time': ' TBD', 'Location': 'Distance Education - Online', 'Instructor': 'Heckman,Sarah SmithTetterton,James C', 'Begin/End Dates': '08/22/22 - 12/05/22', 'Topic': '', 'Notes': ' class notes \n\n\n\n\n\n\n\n'}]"
217,Software Development Fundamentals Lab, 1,Prerequisite: CSC 116 with a C or better; Corequisites: CSC 216,"[{'Section': '200', 'Component': 'Lab', 'Class #': '11775', 'Avail.': 'Open23/25', 'Day/Time': 'M 8:30AM-10:20AM', 'Location': '1221 Engineering Building 2', 'Instructor': 'Heckman,Sarah Smith', 'Begin/End Dates': '08/22/22 - 12/05/22', 'Topic': '', 'Notes': ' class notes \n\n\n\n\n\n\n\n'}, {'Section': '201', 'Component': 'Lab', 'Class #': '11859', 'Avail.': 'Open22/25', 'Day/Time': 'M 10:40AM-12:30PM', 'Location': '1221 Engineering Building 2', 'Instructor': 'Heckman,Sarah Smith', 'Begin/End Dates': '08/22/22 - 12/05/22', 'Topic': '', 'Notes': ' class notes \n\n\n\n\n\n\n\n'}, {'Section': '202', 'Component': 'Lab', 'Class #': '9883', 'Avail.': 'Open15/25', 'Day/Time': 'M 12:50PM-2:40PM', 'Location': '1221 Engineering Building 2', 'Instructor': 'Heckman,Sarah Smith', 'Begin/End Dates': '08/22/22 - 12/05/22', 'Topic': '', 'Notes': ' class notes \n\n\n\n\n\n\n\n'}, {'Section': '203', 'Component': 'Lab', 'Class #': '9884', 'Avail.': 'Closed0/25', 'Day/Time': 'M 3:00PM-4:50PM', 'Location': '1221 Engineering Building 2', 'Instructor': 'Heckman,Sarah Smith', 'Begin/End Dates': '08/22/22 - 12/05/22', 'Topic': '', 'Notes': ' class notes \n\n\n\n\n\n\n\n'}, {'Section': '204', 'Component': 'Lab', 'Class #': '9885', 'Avail.': 'Open7/25', 'Day/Time': 'M 5:20PM-7:10PM', 'Location': '1221 Engineering Building 2', 'Instructor': 'Heckman,Sarah Smith', 'Begin/End Dates': '08/22/22 - 12/05/22', 'Topic': '', 'Notes': ' class notes \n\n\n\n\n\n\n\n'}, {'Section': '210', 'Component': 'Lab', 'Class #': '9886', 'Avail.': 'Open11/25', 'Day/Time': 'T 8:30AM-10:20AM', 'Location': '1221 Engineering Building 2', 'Instructor': 'Heckman,Sarah Smith', 'Begin/End Dates': '08/22/22 - 12/05/22', 'Topic': '', 'Notes': ' class notes \n\n\n\n\n\n\n\n'}, {'Section': '211', 'Component': 'Lab', 'Class #': '11860', 'Avail.': 'Open10/25', 'Day/Time': 'T 10:40AM-12:30PM', 'Location': '1221 Engineering Building 2', 'Instructor': 'Heckman,Sarah Smith', 'Begin/End Dates': '08/22/22 - 12/05/22', 'Topic': '', 'Notes': ' class notes \n\n\n\n\n\n\n\n'}, {'Section': '212', 'Component': 'Lab', 'Class #': '9887', 'Avail.': 'Open24/25', 'Day/Time': 'T 12:50PM-2:40PM', 'Location': '1221 Engineering Building 2', 'Instructor': 'Heckman,Sarah Smith', 'Begin/End Dates': '08/22/22 - 12/05/22', 'Topic': '', 'Notes': ' class notes \n\n\n\n\n\n\n\n'}, {'Section': '213', 'Component': 'Lab', 'Class #': '9888', 'Avail.': 'Open1/25', 'Day/Time': 'T 3:00PM-4:50PM', 'Location': '1221 Engineering Building 2', 'Instructor': 'Heckman,Sarah Smith', 'Begin/End Dates': '08/22/22 - 12/05/22', 'Topic': '', 'Notes': ' class notes \n\n\n\n\n\n\n\n'}, {'Section': '214', 'Component': 'Lab', 'Class #': '9889', 'Avail.': 'Open24/25', 'Day/Time': 'T 5:20PM-7:10PM', 'Location': '1221 Engineering Building 2', 'Instructor': 'Heckman,Sarah Smith', 'Begin/End Dates': '08/22/22 - 12/05/22', 'Topic': '', 'Notes': ' class notes \n\n\n\n\n\n\n\n'}, {'Section': '220', 'Component': 'Lab', 'Class #': '9890', 'Avail.': 'Open21/25', 'Day/Time': 'W 8:30AM-10:20AM', 'Location': '1221 Engineering Building 2', 'Instructor': 'Heckman,Sarah Smith', 'Begin/End Dates': '08/22/22 - 12/05/22', 'Topic': '', 'Notes': ' class notes \n\n\n\n\n\n\n\n'}, {'Section': '221', 'Component': 'Lab', 'Class #': '11861', 'Avail.': 'Open21/25', 'Day/Time': 'W 10:40AM-12:30PM', 'Location': '1221 Engineering Building 2', 'Instructor': 'Heckman,Sarah Smith', 'Begin/End Dates': '08/22/22 - 12/05/22', 'Topic': '', 'Notes': ' class notes \n\n\n\n\n\n\n\n'}, {'Section': '222', 'Component': 'Lab', 'Class #': '9891', 'Avail.': 'Open23/25', 'Day/Time': 'W 12:50PM-2:40PM', 'Location': '1221 Engineering Building 2', 'Instructor': 'Heckman,Sarah Smith', 'Begin/End Dates': '08/22/22 - 12/05/22', 'Topic': '', 'Notes': ' class notes \n\n\n\n\n\n\n\n'}, {'Section': '223', 'Component': 'Lab', 'Class #': '9892', 'Avail.': 'Closed0/25', 'Day/Time': 'W 3:00PM-4:50PM', 'Location': '1221 Engineering Building 2', 'Instructor': 'Heckman,Sarah Smith', 'Begin/End Dates': '08/22/22 - 12/05/22', 'Topic': '', 'Notes': ' class notes \n\n\n\n\n\n\n\n'}, {'Section': '224', 'Component': 'Lab', 'Class #': '9893', 'Avail.': 'Open15/25', 'Day/Time': 'W 5:20PM-7:10PM', 'Location': '1221 Engineering Building 2', 'Instructor': 'Heckman,Sarah Smith', 'Begin/End Dates': '08/22/22 - 12/05/22', 'Topic': '', 'Notes': ' class notes \n\n\n\n\n\n\n\n'}, {'Section': '231', 'Component': 'Lab', 'Class #': '9882', 'Avail.': 'Open17/30', 'Day/Time': ' TBD', 'Location': '', 'Instructor': 'Heckman,Sarah Smith', 'Begin/End Dates': '08/22/22 - 12/05/22', 'Topic': '', 'Notes': ' class notes \n\n\n\n\n\n\n\n'}, {'Section': '601', 'Component': 'Lab', 'Class #': '10073', 'Avail.': 'Open40/40', 'Day/Time': ' TBD', 'Location': 'Distance Education - Online', 'Instructor': 'Heckman,Sarah SmithTetterton,James C', 'Begin/End Dates': '08/22/22 - 12/05/22', 'Topic': '', 'Notes': ' class notes \n\n\n\n\n\n\n\n'}]"
226,Discrete Mathematics for Computer Scientists, 3,"Propositional logic and predicate calculus. Logic gates and circuits. Methods of proof. Mathematical induction. Recursive definitions and functions. Solving recurrences. Asymptotic growth of functions. Elementary combinatorics and probability. Introduction to graph theory. Binary relations, including posets and equivalence relations. This course assumes knowledge of topics covered in high-school Algebra I and II. Most seats reserved for CSC and CPE majors and Computer Programming minors.","[{'Section': '001', 'Component': 'Lec', 'Class #': '1922', 'Avail.': 'Open60/200', 'Day/Time': 'M/W 11:45AM-1:00PM', 'Location': '1025 Engineering Building 2', 'Instructor': 'Barnes,Tiffany M', 'Begin/End Dates': '08/22/22 - 12/05/22', 'Topic': '', 'Notes': ' class notes \n\n\n\n\n\n\n\n'}, {'Section': '002', 'Component': 'Lec', 'Class #': '1923', 'Avail.': 'Open106/200', 'Day/Time': 'M/W 1:30PM-2:45PM', 'Location': '1025 Engineering Building 2', 'Instructor': 'Barnes,Tiffany M', 'Begin/End Dates': '08/22/22 - 12/05/22', 'Topic': '', 'Notes': ' class notes \n\n\n\n\n\n\n\n'}, {'Section': '601', 'Component': 'Lec', 'Class #': '1924', 'Avail.': 'Open40/40', 'Day/Time': ' TBD', 'Location': 'Distance Education - Online', 'Instructor': 'Watkins,Alan W', 'Begin/End Dates': '08/22/22 - 12/05/22', 'Topic': '', 'Notes': ' class notes \n\n\n\n\n\n\n\n'}]"
230,C and Software Tools, 3,Prerequisite: CSC 216 with a C or better.,"[{'Section': '001', 'Component': 'Lec', 'Class #': '1925', 'Avail.': 'Waitlist0/110 (2)', 'Day/Time': 'M/W 3:00PM-4:15PM', 'Location': '1025 Engineering Building 2', 'Instructor': 'Sturgill,David Brian', 'Begin/End Dates': '08/22/22 - 12/05/22', 'Topic': '', 'Notes': ' class notes \n\n\n\n\n\n\n\n'}, {'Section': '002', 'Component': 'Lec', 'Class #': '8527', 'Avail.': 'Open15/110', 'Day/Time': 'T/Th 3:00PM-4:15PM', 'Location': '1103 James B Hunt Jr Centenni', 'Instructor': 'Balik,Suzanne M', 'Begin/End Dates': '08/22/22 - 12/05/22', 'Topic': '', 'Notes': ' class notes \n\n\n\n\n\n\n\n'}, {'Section': '601', 'Component': 'Lec', 'Class #': '4748', 'Avail.': 'Open35/35', 'Day/Time': ' TBD', 'Location': 'Distance Education - Online', 'Instructor': 'Sturgill,David Brian', 'Begin/End Dates': '08/22/22 - 12/05/22', 'Topic': '', 'Notes': ' class notes \n\n\n\n\n\n\n\n'}]"
236,Computer Organization and Assembly Language for Computer Scientists, 3,Prerequisite: CSC 230 or ECE 209,"[{'Section': '001', 'Component': 'Lec', 'Class #': '1926', 'Avail.': 'Reserved17/60', 'Day/Time': 'T/Th 4:30PM-5:45PM', 'Location': '1005 Engineering Building I', 'Instructor': 'Staff', 'Begin/End Dates': '08/22/22 - 12/05/22', 'Topic': '', 'Notes': ' class notes  Seat Info:\n\n\n\n\n\n\n\n'}]"
246,Concepts and Facilities of Operating Systems for Computer Scientists, 3,Prerequisite: CSC 230 or ECE 209,"[{'Section': '001', 'Component': 'Lec', 'Class #': '1928', 'Avail.': 'Open5/120', 'Day/Time': 'M/W 4:30PM-5:45PM', 'Location': '1231 Engineering Building 2', 'Instructor': 'Jiao,Shuyin', 'Begin/End Dates': '08/22/22 - 12/05/22', 'Topic': '', 'Notes': ' class notes \n\n\n\n\n\n\n\n'}, {'Section': '002', 'Component': 'Lec', 'Class #': '7421', 'Avail.': 'Waitlist0/110 (5)', 'Day/Time': 'T/Th 3:00PM-4:15PM', 'Location': '1011 Engineering Building I', 'Instructor': 'Sturgill,David Brian', 'Begin/End Dates': '08/22/22 - 12/05/22', 'Topic': '', 'Notes': ' class notes \n\n\n\n\n\n\n\n'}, {'Section': '601', 'Component': 'Lec', 'Class #': '1929', 'Avail.': 'Open30/30', 'Day/Time': ' TBD', 'Location': 'Distance Education - Online', 'Instructor': 'Watkins,Alan W', 'Begin/End Dates': '08/22/22 - 12/05/22', 'Topic': '', 'Notes': ' class notes \n\n\n\n\n\n\n\n'}]"
295,Special Topics in Computer Science, 1 - 3,Special topics in CSC at the early undergraduate level.,"[{'Section': '001', 'Component': 'Lec', 'Class #': '4119', 'Avail.': 'Open10/10', 'Day/Time': 'M 5:20PM-7:10PM', 'Location': '1010 Engineering Building I', 'Instructor': 'Sturgill,David Brian', 'Begin/End Dates': '08/22/22 - 12/05/22', 'Topic': 'Programming Competition', 'Notes': ' class notes \n\n\n\n\n\n\n\n'}, {'Section': '004', 'Component': 'Lec', 'Class #': '11358', 'Avail.': 'Open23/30', 'Day/Time': 'F 3:00PM-4:15PM', 'Location': '1220 Engineering Building 2', 'Instructor': 'Heckman,Sarah Smith', 'Begin/End Dates': '08/22/22 - 12/05/22', 'Topic': 'TA Training', 'Notes': ' class notes\n\n\n\n\n\n\n\n'}]"
297,Cybersecurity Topics, 1,"Introductory cybersecurity topics that may cover areas like cybersecurity policy, law, attacks and defenses, ethics, forensics, social engineering, usability, or privacy. Topics will vary by section and semester. Course may be taken multiple times only if topic is different.","[{'Section': '001', 'Component': 'Lec', 'Class #': '10662', 'Avail.': 'Reserved20/45', 'Day/Time': 'F 3:00PM-3:50PM', 'Location': '1226 Engineering Building 2', 'Instructor': 'Crume PhD,Jeff', 'Begin/End Dates': '08/22/22 - 12/05/22', 'Topic': 'Secure Thinking 1', 'Notes': ' class notes Seat Info:\n\n\n\n\n\n\n\n'}, {'Section': '002', 'Component': 'Lec', 'Class #': '10663', 'Avail.': 'Reserved1/30', 'Day/Time': 'W 4:30PM-5:20PM', 'Location': '1010 Engineering Building I', 'Instructor': 'Heckman,Sarah Smith', 'Begin/End Dates': '08/22/22 - 12/05/22', 'Topic': 'Blockchain', 'Notes': ' class notes Seat Info:\n\n\n\n\n\n\n\n'}]"
298,Introduction to Computer Science Research Methods, 3,"Introduction to computer science research methods for first or second year Computer Science undergraduate students. Topics include creating research problems, reading research papers, conducting a literature review, designing research studies, qualitative and quantitative data analysis, communication of research findings, teamwork, and research directions. Students will work on teams to complete a mentored research proposal.","[{'Section': '001', 'Component': 'Lec', 'Class #': '11779', 'Avail.': 'Open30/30', 'Day/Time': 'F 12:50PM-3:35PM', 'Location': '1228 Engineering Building 2', 'Instructor': 'Catete,Veronica', 'Begin/End Dates': '08/22/22 - 12/05/22', 'Topic': '', 'Notes': ' class notes \n\n\n\n\n\n\n\n'}]"
299,Mentored Research in Computer Science, 1 - 3,"Mentored research experience in Computer Science. The experience must be arranged in advance by the student and approved by the Department of Computer Science prior to enrollment. A minimum of 45 hours must be completed for each credit hour earned. A final report approved by the faculty mentor and the department are required. Individualized/Independent Research courses require a ""Course Agreement for Students Enrolled in Non-Standard Courses"" to be completed by the student and faculty member prior to registration by the department. CSC 299 may not be repeated.","[{'Section': '001', 'Component': 'Res', 'Class #': '11781', 'Avail.': 'Open35/35', 'Day/Time': ' TBD', 'Location': '', 'Instructor': 'Heckman,Sarah Smith', 'Begin/End Dates': '08/22/22 - 12/05/22', 'Topic': '', 'Notes': ' class notes \n\n\n\n\n\n\n\n'}]"
302,Introduction to Numerical Methods, 3,Prerequisite: CSC 116 with a grade of C or higher and MA 305 or MA 405,"[{'Section': '001', 'Component': 'Lec', 'Class #': '1930', 'Avail.': 'Open12/30', 'Day/Time': 'M/W 8:30AM-9:45AM', 'Location': '1229 Engineering Building 2', 'Instructor': 'Stallmann,Matt', 'Begin/End Dates': '08/22/22 - 12/05/22', 'Topic': '', 'Notes': ' class notes \n\n\n\n\n\n\n\n'}]"
316,Data Structures and Algorithms, 3,Prerequisite: CSC 216 with a grade of C or better and [CSC 226 or MA 225] with a grade of C or better,"[{'Section': '001', 'Component': 'Lec', 'Class #': '1931', 'Avail.': 'Open33/125', 'Day/Time': 'M/W 10:15AM-11:30AM', 'Location': '1025 Engineering Building 2', 'Instructor': 'King,Jason Tyler', 'Begin/End Dates': '08/22/22 - 12/05/22', 'Topic': '', 'Notes': ' class notes \n\n\n\n\n\n\n\n'}, {'Section': '002', 'Component': 'Lec', 'Class #': '7422', 'Avail.': 'Open10/125', 'Day/Time': 'T/Th 10:15AM-11:30AM', 'Location': '1231 Engineering Building 2', 'Instructor': 'King,Jason Tyler', 'Begin/End Dates': '08/22/22 - 12/05/22', 'Topic': '', 'Notes': ' class notes \n\n\n\n\n\n\n\n'}, {'Section': '601', 'Component': 'Lec', 'Class #': '1932', 'Avail.': 'Open30/30', 'Day/Time': ' TBD', 'Location': 'Distance Education - Online', 'Instructor': 'King,Jason Tyler', 'Begin/End Dates': '08/22/22 - 12/05/22', 'Topic': '', 'Notes': ' class notes \n\n\n\n\n\n\n\n'}]"
326,Software Engineering, 4,Prerequisite: [CSC 230 or ECE 209] and [CSC 316 or ECE 309],"[{'Section': '001', 'Component': 'Lec', 'Class #': '1933', 'Avail.': 'Waitlist0/156 (0)', 'Day/Time': 'M/W 6:00PM-7:15PM', 'Location': '1231 Engineering Building 2', 'Instructor': 'Ore,John-Paul', 'Begin/End Dates': '08/22/22 - 12/05/22', 'Topic': '', 'Notes': ' class notes \n\n\n\n\n\n\n\n'}, {'Section': '201', 'Component': 'Lab', 'Class #': '5281', 'Avail.': 'Closed0/26', 'Day/Time': 'Th 8:30AM-10:20AM', 'Location': '1221 Engineering Building 2', 'Instructor': 'Ore,John-Paul', 'Begin/End Dates': '08/22/22 - 12/05/22', 'Topic': '', 'Notes': ' class notes \n\n\n\n\n\n\n\n'}, {'Section': '202', 'Component': 'Lab', 'Class #': '1934', 'Avail.': 'Closed0/26', 'Day/Time': 'Th 10:40AM-12:30PM', 'Location': '1221 Engineering Building 2', 'Instructor': 'Ore,John-Paul', 'Begin/End Dates': '08/22/22 - 12/05/22', 'Topic': '', 'Notes': ' class notes \n\n\n\n\n\n\n\n'}, {'Section': '203', 'Component': 'Lab', 'Class #': '1935', 'Avail.': 'Closed0/26', 'Day/Time': 'Th 12:50PM-2:40PM', 'Location': '1221 Engineering Building 2', 'Instructor': 'Ore,John-Paul', 'Begin/End Dates': '08/22/22 - 12/05/22', 'Topic': '', 'Notes': ' class notes \n\n\n\n\n\n\n\n'}, {'Section': '204', 'Component': 'Lab', 'Class #': '1936', 'Avail.': 'Closed0/26', 'Day/Time': 'Th 3:00PM-4:50PM', 'Location': '1221 Engineering Building 2', 'Instructor': 'Ore,John-Paul', 'Begin/End Dates': '08/22/22 - 12/05/22', 'Topic': '', 'Notes': ' \n\n\n\n\n\n\n\n'}, {'Section': '205', 'Component': 'Lab', 'Class #': '7879', 'Avail.': 'Closed0/26', 'Day/Time': 'Th 5:20PM-7:10PM', 'Location': '1221 Engineering Building 2', 'Instructor': 'Ore,John-Paul', 'Begin/End Dates': '08/22/22 - 12/05/22', 'Topic': '', 'Notes': ' \n\n\n\n\n\n\n\n'}, {'Section': '212', 'Component': 'Lab', 'Class #': '10664', 'Avail.': 'Closed0/26', 'Day/Time': 'F 10:40AM-12:30PM', 'Location': '1221 Engineering Building 2', 'Instructor': 'Ore,John-Paul', 'Begin/End Dates': '08/22/22 - 12/05/22', 'Topic': '', 'Notes': ' \n\n\n\n\n\n\n\n'}]"
333,"Automata, Grammars, and Computability", 3,Prerequisite: Grade of C or better in either MA 225 or CSC 226,"[{'Section': '001', 'Component': 'Lec', 'Class #': '1937', 'Avail.': 'Open76/125', 'Day/Time': 'M/W 11:45AM-1:00PM', 'Location': '1231 Engineering Building 2', 'Instructor': 'Sheehy,Donald', 'Begin/End Dates': '08/22/22 - 12/05/22', 'Topic': '', 'Notes': ' class notes \n\n\n\n\n\n\n\n'}, {'Section': '002', 'Component': 'Lec', 'Class #': '5994', 'Avail.': 'Open26/125', 'Day/Time': 'T/Th 11:45AM-1:00PM', 'Location': '1231 Engineering Building 2', 'Instructor': 'Jennings,Jamie Allison', 'Begin/End Dates': '08/22/22 - 12/05/22', 'Topic': '', 'Notes': ' class notes \n\n\n\n\n\n\n\n'}]"
342,Applied Web-based Client-Server Computing, 3,Prerequisite: Grade of C or better in CSC 216,"[{'Section': '001', 'Component': 'Lec', 'Class #': '10666', 'Avail.': 'Closed0/60', 'Day/Time': 'T/Th 4:30PM-5:45PM', 'Location': '2207 Engineering Building 3', 'Instructor': 'Dominguez,Ignacio X.', 'Begin/End Dates': '08/22/22 - 12/05/22', 'Topic': '', 'Notes': ' class notes \n\n\n\n\n\n\n\n'}]"
379,Ethics in Computing, 1,Requirement: Junior Standing,"[{'Section': '001', 'Component': 'Lec', 'Class #': '5627', 'Avail.': 'Waitlist0/90 (8)', 'Day/Time': 'T 8:30AM-9:20AM', 'Location': '135 BTEC', 'Instructor': 'Wright,David R', 'Begin/End Dates': '08/22/22 - 12/05/22', 'Topic': '', 'Notes': ' class notes \n\n\n\n\n\n\n\n'}, {'Section': '002', 'Component': 'Lec', 'Class #': '11863', 'Avail.': 'Waitlist0/90 (8)', 'Day/Time': 'Th 8:30AM-9:20AM', 'Location': '135 BTEC', 'Instructor': 'Wright,David R', 'Begin/End Dates': '08/22/22 - 12/05/22', 'Topic': '', 'Notes': ' \n\n\n\n\n\n\n\n'}]"
401,Data and Computer Communications Networks, 3,Prerequisite: ST 370 and CSC 246,"[{'Section': '001', 'Component': 'Lec', 'Class #': '1938', 'Avail.': 'Open48/80', 'Day/Time': 'M/W 3:00PM-4:15PM', 'Location': '1021 Engineering Building 2', 'Instructor': 'Dutta,Rudra', 'Begin/End Dates': '08/22/22 - 12/05/22', 'Topic': '', 'Notes': ' class notes \n\n\n\n\n\n\n\n'}]"
411,Introduction to Artificial Intelligence, 3,Prerequisite: CSC 316 or ECE 309,"[{'Section': '001', 'Component': 'Lec', 'Class #': '9896', 'Avail.': 'Open25/90', 'Day/Time': 'M/W 4:30PM-5:45PM', 'Location': '1021 Engineering Building 2', 'Instructor': 'Akram,Bita ', 'Begin/End Dates': '08/22/22 - 12/05/22', 'Topic': '', 'Notes': ' class notes  Seat Info:\n\n\n\n\n\n\n\n'}]"
412,Compiler Construction, 3,Prerequisites: CSC 316 and 333,"[{'Section': '001', 'Component': 'Lec', 'Class #': '9161', 'Avail.': 'Open30/45', 'Day/Time': 'M/W 8:30AM-9:45AM', 'Location': '2207 Engineering Building 3', 'Instructor': 'Liu,Xu', 'Begin/End Dates': '08/22/22 - 12/05/22', 'Topic': '', 'Notes': ' class notes \n\n\n\n\n\n\n\n'}]"
415,Software Security, 3,Corequisite: CSC 326,"[{'Section': '001', 'Component': 'Lec', 'Class #': '9162', 'Avail.': 'Reserved5/95', 'Day/Time': 'M/W 1:30PM-2:45PM', 'Location': '1021 Engineering Building 2', 'Instructor': 'Slankas,John Botious', 'Begin/End Dates': '08/22/22 - 12/05/22', 'Topic': '', 'Notes': ' class notes  Seat Info:\n\n\n\n\n\n\n\n'}]"
417,Theory of Programming Languages, 3,Prerequisite: CSC 316 or ECE 309,"[{'Section': '001', 'Component': 'Lec', 'Class #': '11864', 'Avail.': 'Waitlist0/50 (1)', 'Day/Time': 'T/Th 8:30AM-9:45AM', 'Location': '2232 Engineering Building 3', 'Instructor': 'Jennings,Jamie Allison', 'Begin/End Dates': '08/22/22 - 12/05/22', 'Topic': '', 'Notes': ' class notes \n\n\n\n\n\n\n\n'}]"
422,Automated Learning and Data Analysis, 3,"Prerequisite: CSC 226 or LOG 201, ST 370, MA 305 or MA 405","[{'Section': '002', 'Component': 'Lec', 'Class #': '4383', 'Avail.': 'Open8/70', 'Day/Time': 'M/W 11:45AM-1:00PM', 'Location': '2336 Fitts-Woolard Hall', 'Instructor': 'Chi,Min', 'Begin/End Dates': '08/22/22 - 12/05/22', 'Topic': '', 'Notes': ' class notes \n\n\n\n\n\n\n\n'}]"
427,Introduction to Numerical Analysis I, 3,Also listed as: MA 427 ,"[{'Section': '001', 'Component': 'Lec', 'Class #': '4687', 'Avail.': 'Waitlist0/5 (1)', 'Day/Time': 'M/W/F 12:50PM-1:40PM', 'Location': '2106 SAS Hall', 'Instructor': 'Chu,Moody Ten-Chao', 'Begin/End Dates': '08/22/22 - 12/05/22', 'Topic': '', 'Notes': ' class notes \n\n\n\n\n\n\n\n'}]"
440,Database Management Systems, 3,Prerequisite: CSC 316 or ECE 309,"[{'Section': '001', 'Component': 'Lec', 'Class #': '4615', 'Avail.': 'Waitlist0/60 (0)', 'Day/Time': 'T/Th 3:00PM-4:15PM', 'Location': '1005 Engineering Building I', 'Instructor': 'Ogan,Kemafor', 'Begin/End Dates': '08/22/22 - 12/05/22', 'Topic': '', 'Notes': ' class notes \n\n\n\n\n\n\n\n'}]"
442,Introduction to Data Science, 3,Also listed as: ST 442 ,"[{'Section': '001', 'Component': 'Lec', 'Class #': '8528', 'Avail.': 'Closed0/24', 'Day/Time': 'T/Th 8:30AM-9:45AM', 'Location': '2203 Textiles Complex', 'Instructor': 'Chirkova,Rada Yuryevna', 'Begin/End Dates': '08/22/22 - 12/05/22', 'Topic': '', 'Notes': ' class notes \n\n\n\n\n\n\n\n'}]"
454,Human-Computer Interaction, 3,Prerequisite: CSC 316 or ECE 309,"[{'Section': '001', 'Component': 'Lec', 'Class #': '11865', 'Avail.': 'Reserved15/70', 'Day/Time': 'T/Th 4:30PM-5:45PM', 'Location': '2321 Fitts-Woolard Hall', 'Instructor': 'Oduor PhD,Kenya', 'Begin/End Dates': '08/22/22 - 12/05/22', 'Topic': '', 'Notes': ' class notes  Seat Info:\n\n\n\n\n\n\n\n'}]"
455,Social Computing and Decentralized Artificial Intelligence, 3,Prerequisite: CSC 226 and CSC 316,"[{'Section': '001', 'Component': 'Lec', 'Class #': '7880', 'Avail.': 'Closed0/20', 'Day/Time': 'M/W 1:30PM-2:45PM', 'Location': '2232 Engineering Building 3', 'Instructor': 'Singh,Munindar P', 'Begin/End Dates': '08/22/22 - 12/05/22', 'Topic': '', 'Notes': ' class notes \n\n\n\n\n\n\n\n'}]"
461,Computer Graphics, 3,Prerequisite: MA 305 or MA 405 and CSC 230 or ECE 209 and CSC 316 or ECE 309,"[{'Section': '001', 'Component': 'Lec', 'Class #': '1939', 'Avail.': 'Reserved15/50', 'Day/Time': 'M/W 4:30PM-5:45PM', 'Location': '2232 Engineering Building 3', 'Instructor': 'Watson,Benjamin Allen', 'Begin/End Dates': '08/22/22 - 12/05/22', 'Topic': '', 'Notes': ' class notes  Seat Info:\n\n\n\n\n\n\n\n'}]"
471,Modern Topics in Cybersecurity, 3,Prerequisite: CSC 405; Corequisite: CSC 474,"[{'Section': '001', 'Component': 'Lec', 'Class #': '10668', 'Avail.': 'Open12/30', 'Day/Time': 'T/Th 6:00PM-7:15PM', 'Location': '2015 Engineering Building I', 'Instructor': 'Wandji,Thierry Ketchiozo', 'Begin/End Dates': '08/22/22 - 12/05/22', 'Topic': '', 'Notes': ' class notes  Seat Info:\n\n\n\n\n\n\n\n'}]"
474,Network Security, 3,Prerequisite: CSC 230 or ECE 209,"[{'Section': '001', 'Component': 'Lec', 'Class #': '1940', 'Avail.': 'Reserved15/110', 'Day/Time': 'T/Th 11:45AM-1:00PM', 'Location': '1021 Engineering Building 2', 'Instructor': 'Enck,William H', 'Begin/End Dates': '08/22/22 - 12/05/22', 'Topic': '', 'Notes': ' class notes  Seat Info:\n\n\n\n\n\n\n\n'}]"
481,Game Engine Foundations, 3,Prerequisite: CSC 316 or ECE 309; Restriction: CSC Majors Only,"[{'Section': '001', 'Component': 'Lec', 'Class #': '1941', 'Avail.': 'Reserved12/60', 'Day/Time': 'M/W 10:15AM-11:30AM', 'Location': '135 BTEC', 'Instructor': 'Roberts,David L', 'Begin/End Dates': '08/22/22 - 12/05/22', 'Topic': '', 'Notes': ' class notes  Seat Info:\n\n\n\n\n\n\n\n'}]"
486,Computational Visual Narrative, 3,Prerequisite: CSC 316 or ECE 309,"[{'Section': '003', 'Component': 'Lec', 'Class #': '11867', 'Avail.': 'Reserved14/20', 'Day/Time': 'T 4:30PM-7:15PM', 'Location': '1229 Engineering Building 2', 'Instructor': 'Jhala,Arnav H', 'Begin/End Dates': '08/22/22 - 12/05/22', 'Topic': '', 'Notes': ' class notes  Seat Info:\n\n\n\n\n\n\n\n'}]"
492,Senior Design Project, 3,Prerequisite: CSC 326,"[{'Section': '001', 'Component': 'Lec', 'Class #': '1942', 'Avail.': 'Closed0/28', 'Day/Time': 'M/W 9:35AM-11:25AM', 'Location': '1203A Engineering Building II', 'Instructor': 'Heil,Margaret Rose ScaturroDominguez,Ignacio X.', 'Begin/End Dates': '08/22/22 - 12/05/22', 'Topic': '', 'Notes': ' class notes \n\n\n\n\n\n\n\n'}, {'Section': '002', 'Component': 'Lec', 'Class #': '5619', 'Avail.': 'Closed0/28', 'Day/Time': 'M/W 12:50PM-2:40PM', 'Location': '1203A Engineering Building II', 'Instructor': 'King,Jason TylerHeil,Margaret Rose Scaturro', 'Begin/End Dates': '08/22/22 - 12/05/22', 'Topic': '', 'Notes': ' class notes \n\n\n\n\n\n\n\n'}, {'Section': '003', 'Component': 'Lec', 'Class #': '7423', 'Avail.': 'Open3/28', 'Day/Time': 'T/Th 9:00AM-10:50AM', 'Location': '1203A Engineering Building II', 'Instructor': 'Heil,Margaret Rose ScaturroBattestilli,Tzvetelina', 'Begin/End Dates': '08/22/22 - 12/05/22', 'Topic': '', 'Notes': ' class notes \n\n\n\n\n\n\n\n'}, {'Section': '004', 'Component': 'Lec', 'Class #': '5618', 'Avail.': 'Closed0/28', 'Day/Time': 'T/Th 11:20AM-1:10PM', 'Location': '1203A Engineering Building II', 'Instructor': 'Heil,Margaret Rose ScaturroSturgill,David Brian', 'Begin/End Dates': '08/22/22 - 12/05/22', 'Topic': '', 'Notes': ' class notes \n\n\n\n\n\n\n\n'}, {'Section': '401', 'Component': 'Pro', 'Class #': '4147', 'Avail.': 'Open3/113', 'Day/Time': 'F 10:40AM-12:30PM', 'Location': '1021 Engineering Building 2', 'Instructor': 'Heil,Margaret Rose ScaturroDominguez,Ignacio X.Battestilli,TzvetelinaKing,Jason TylerSturgill,David Brian', 'Begin/End Dates': '08/22/22 - 12/05/22', 'Topic': '', 'Notes': ' class notes \n\n\n\n\n\n\n\n'}]"
495,Special Topics in Computer Science, 1 - 6,Topics of current interest in computer science not covered in existing courses. Each special topics course will have one or more prerequisites from the Computer Science core courses. CSC 495 may be repeated for credit if a different topic is chosen.,"[{'Section': '012', 'Component': 'Lec', 'Class #': '7746', 'Avail.': 'Waitlist0/15 (3)', 'Day/Time': 'M/W 3:00PM-4:15PM', 'Location': '2232 Engineering Building 3', 'Instructor': 'Singh,Munindar P', 'Begin/End Dates': '08/22/22 - 12/05/22', 'Topic': 'Natural Language Processing', 'Notes': ' class notes \n\n\n\n\n\n\n\n'}]"
498,Independent Study in Computer Science, 1 - 6,"Detailed investigation of computing topics of particular interest to advanced undergraduate computer science majors under faculty direction. Appropriate topics may include software development projects, tutorial work on new or emerging technologies, or exploration of an emerging computing topic. The experience must be arranged in advance by the student and approved by the Department of Computer Science prior to enrollment. A minimum of 45 hours must be completed for each credit hour earned. An independent study proposal and final report approved by the faculty mentor and the department are required. Individualized/Independent Study courses require a ""Course Agreement for Students Enrolled in Non-Standard Courses"" be completed by the student and faculty member prior to registration by the department. At most 6 credit hours of CSC 498 and/or CSC 499 may be applied to degree.","[{'Section': '001', 'Component': 'Ind', 'Class #': '11183', 'Avail.': 'Open35/35', 'Day/Time': ' TBD', 'Location': '', 'Instructor': 'Heckman,Sarah Smith', 'Begin/End Dates': '08/22/22 - 12/05/22', 'Topic': '', 'Notes': ' class notes \n\n\n\n\n\n\n\n'}]"
499,Independent Research in Computer Science, 1 - 6,"Independent investigation of a research problem under the supervision of a faculty member in the Department of Computer Science. The experience must be arranged in advance by the student and approved by the Department of Computer Science prior to enrollment. A minimum of 45 hours must be completed for each credit hour earned. An independent research proposal and final report approved by the faculty mentor and the department are required. Individualized/Independent Research courses require a ""Course Agreement for Students Enrolled in Non-Standard Courses"" to be completed by the student and faculty member prior to registration by the department. At most 6 credit hours of CSC 498 and/or CSC 499 may be applied to degree.","[{'Section': '001', 'Component': 'Res', 'Class #': '1943', 'Avail.': 'Open35/35', 'Day/Time': ' TBD', 'Location': '', 'Instructor': 'Heckman,Sarah Smith', 'Begin/End Dates': '08/22/22 - 12/05/22', 'Topic': '', 'Notes': ' class notes \n\n\n\n\n\n\n\n'}]"
501,Operating Systems Principles, 3,"Prerequisite: CSC 246, CSC 316 and MA 421","[{'Section': '001', 'Component': 'Lec', 'Class #': '1944', 'Avail.': 'Open73/126', 'Day/Time': 'T/Th 3:00PM-4:15PM', 'Location': '2124 Engineering Building 3', 'Instructor': 'Jin,Guoliang', 'Begin/End Dates': '08/22/22 - 12/05/22', 'Topic': '', 'Notes': ' class notes \n\n\n\n\n\n\n\n'}, {'Section': '002', 'Component': 'Lec', 'Class #': '5995', 'Avail.': 'Open80/80', 'Day/Time': 'M/W 8:30AM-9:45AM', 'Location': '4106 James B Hunt Jr Centenni', 'Instructor': 'Staff', 'Begin/End Dates': '08/22/22 - 12/05/22', 'Topic': '', 'Notes': ' class notes \n\n\n\n\n\n\n\n'}, {'Section': '601', 'Component': 'Lec', 'Class #': '8722', 'Avail.': 'Open30/30', 'Day/Time': ' TBD', 'Location': 'Distance Education - Online', 'Instructor': 'Jin,Guoliang', 'Begin/End Dates': '08/22/22 - 12/05/22', 'Topic': '', 'Notes': ' class notes  Seat Info:\n\n\n\n\n\n\n\n'}]"
505,Design and Analysis Of Algorithms, 3,Prerequisite: CSC 316 and CSC 226,"[{'Section': '001', 'Component': 'Lec', 'Class #': '1945', 'Avail.': 'Open122/175', 'Day/Time': 'M/W 4:30PM-5:45PM', 'Location': '1025 Engineering Building 2', 'Instructor': 'Heber,Steffen', 'Begin/End Dates': '08/22/22 - 12/05/22', 'Topic': '', 'Notes': ' class notes \n\n\n\n\n\n\n\n'}, {'Section': '002', 'Component': 'Lec', 'Class #': '5620', 'Avail.': 'Open72/80', 'Day/Time': 'M/W 6:00PM-7:15PM', 'Location': '2213 Engineering Building 3', 'Instructor': 'Heber,Steffen', 'Begin/End Dates': '08/22/22 - 12/05/22', 'Topic': '', 'Notes': ' class notes \n\n\n\n\n\n\n\n'}, {'Section': '601', 'Component': 'Lec', 'Class #': '4416', 'Avail.': 'Open30/30', 'Day/Time': ' TBD', 'Location': 'Distance Education - Online', 'Instructor': 'Heber,Steffen', 'Begin/End Dates': '08/22/22 - 12/05/22', 'Topic': '', 'Notes': ' class notes  Seat Info:\n\n\n\n\n\n\n\n'}]"
506,Architecture Of Parallel Computers, 3,Also listed as: ECE 406 ECE 506 ,"[{'Section': '001', 'Component': 'Lec', 'Class #': '1946', 'Avail.': 'Open13/20', 'Day/Time': 'M/W 1:30PM-2:45PM', 'Location': '2336 Fitts-Woolard Hall', 'Instructor': 'Awad,Amro', 'Begin/End Dates': '08/22/22 - 12/05/22', 'Topic': '', 'Notes': ' class notes \n\n\n\n\n\n\n\n'}]"
510,Software Engineering, 3,Prerequisite: CSC 316 and CSC 226,"[{'Section': '001', 'Component': 'Lec', 'Class #': '1947', 'Avail.': 'Open88/200', 'Day/Time': 'M/W 10:15AM-11:30AM', 'Location': '1103 James B Hunt Jr Centenni', 'Instructor': 'Parnin,Christopher Joseph', 'Begin/End Dates': '08/22/22 - 12/05/22', 'Topic': '', 'Notes': ' class notes \n\n\n\n\n\n\n\n'}, {'Section': '002', 'Component': 'Lec', 'Class #': '11998', 'Avail.': 'Open150/150', 'Day/Time': 'T/Th 4:30PM-5:45PM', 'Location': '1025 Engineering Building 2', 'Instructor': 'Staff', 'Begin/End Dates': '08/22/22 - 12/05/22', 'Topic': '', 'Notes': ' class notes \n\n\n\n\n\n\n\n'}]"
512,Compiler Construction, 3,Prerequisites: Graduate standing and CSC 316 and CSC 333 or equivalent classes.,"[{'Section': '001', 'Component': 'Lec', 'Class #': '5996', 'Avail.': 'Open15/45', 'Day/Time': 'M/W 8:30AM-9:45AM', 'Location': '2207 Engineering Building 3', 'Instructor': 'Liu,Xu', 'Begin/End Dates': '08/22/22 - 12/05/22', 'Topic': '', 'Notes': ' class notes \n\n\n\n\n\n\n\n'}, {'Section': '601', 'Component': 'Lec', 'Class #': '12129', 'Avail.': 'Open30/30', 'Day/Time': ' TBD', 'Location': 'Distance Education - Online', 'Instructor': 'Liu,Xu', 'Begin/End Dates': '08/22/22 - 12/05/22', 'Topic': '', 'Notes': ' class notes \n\n\n\n\n\n\n\n'}]"
514,Foundations of Cryptography, 3,Also listed as: MA 414 MA 514 ,"[{'Section': '001', 'Component': 'Lec', 'Class #': '10270', 'Avail.': 'Waitlist0/60 (3)', 'Day/Time': 'T 4:30PM-7:15PM', 'Location': '1007 Engineering Building I', 'Instructor': 'Scafuro,Alessandra', 'Begin/End Dates': '08/22/22 - 12/05/22', 'Topic': '', 'Notes': ' class notes \n\n\n\n\n\n\n\n'}]"
517,Object-Oriented Design and Development, 3,Also listed as: ECE 517 ,"[{'Section': '001', 'Component': 'Lec', 'Class #': '1948', 'Avail.': 'Open67/90', 'Day/Time': 'F 1:55PM-4:40PM', 'Location': '1231 Engineering Building 2', 'Instructor': 'Gehringer,Ed', 'Begin/End Dates': '08/22/22 - 12/05/22', 'Topic': '', 'Notes': ' class notes \n\n\n\n\n\n\n\n'}]"
520,Artificial Intelligence I, 3,Prerequisite: CSC 316 and either CSC 226 or LOG 201 or LOG 335 or background in symbolic logic,"[{'Section': '001', 'Component': 'Lec', 'Class #': '1949', 'Avail.': 'Open106/120', 'Day/Time': 'T/Th 10:15AM-11:30AM', 'Location': '2124 Engineering Building 3', 'Instructor': 'Lynch PhD,Collin F.', 'Begin/End Dates': '08/22/22 - 12/05/22', 'Topic': '', 'Notes': ' class notes \n\n\n\n\n\n\n\n'}, {'Section': '002', 'Component': 'Lec', 'Class #': '12000', 'Avail.': 'Open80/80', 'Day/Time': 'M/W 8:30AM-9:45AM', 'Location': '1007 Engineering Building I', 'Instructor': 'Staff', 'Begin/End Dates': '08/22/22 - 12/05/22', 'Topic': '', 'Notes': ' class notes \n\n\n\n\n\n\n\n'}, {'Section': '601', 'Component': 'Lec', 'Class #': '1950', 'Avail.': 'Open30/30', 'Day/Time': ' TBD', 'Location': 'Distance Education - Online', 'Instructor': 'Lynch PhD,Collin F.', 'Begin/End Dates': '08/22/22 - 12/05/22', 'Topic': '', 'Notes': ' class notes  Seat Info:\n\n\n\n\n\n\n\n'}]"
522,Automated Learning and Data Analysis, 3,"Prerequisite: CSC 226 or LOG 201, ST 370, MA 305 or MA 405","[{'Section': '001', 'Component': 'Lec', 'Class #': '7902', 'Avail.': 'Open43/120', 'Day/Time': 'M/W 1:30PM-2:45PM', 'Location': '2124 Engineering Building 3', 'Instructor': 'Chi,Min', 'Begin/End Dates': '08/22/22 - 12/05/22', 'Topic': '', 'Notes': ' class notes \n\n\n\n\n\n\n\n'}, {'Section': '002', 'Component': 'Lec', 'Class #': '11286', 'Avail.': 'Open20/50', 'Day/Time': 'M/W 11:45AM-1:00PM', 'Location': '2336 Fitts-Woolard Hall', 'Instructor': 'Chi,Min', 'Begin/End Dates': '08/22/22 - 12/05/22', 'Topic': '', 'Notes': ' class notes \n\n\n\n\n\n\n\n'}, {'Section': '601', 'Component': 'Lec', 'Class #': '7974', 'Avail.': 'Open30/30', 'Day/Time': ' TBD', 'Location': 'Distance Education - Online', 'Instructor': 'Chi,Min', 'Begin/End Dates': '08/22/22 - 12/05/22', 'Topic': '', 'Notes': ' class notes \n\n\n\n\n\n\n\n'}]"
530,Computational Methods for Molecular Biology, 3,"Prerequisite: CSC 316, Corequisite: CSC 505","[{'Section': '001', 'Component': 'Lec', 'Class #': '4910', 'Avail.': 'Open8/40', 'Day/Time': 'T/Th 6:00PM-7:15PM', 'Location': '1228 Engineering Building 2', 'Instructor': 'Heber,Steffen', 'Begin/End Dates': '08/22/22 - 12/05/22', 'Topic': '', 'Notes': ' class notes \n\n\n\n\n\n\n\n'}]"
533,Privacy in the Digital Age, 3,Prerequisite: CSC 316,"[{'Section': '001', 'Component': 'Lec', 'Class #': '9937', 'Avail.': 'Closed0/80', 'Day/Time': 'M/W 11:45AM-1:00PM', 'Location': '1230 Engineering Building 2', 'Instructor': 'Das,Anupam', 'Begin/End Dates': '08/22/22 - 12/05/22', 'Topic': '', 'Notes': ' class notes \n\n\n\n\n\n\n\n'}, {'Section': '601', 'Component': 'Lec', 'Class #': '10160', 'Avail.': 'Open30/30', 'Day/Time': ' TBD', 'Location': 'Distance Education - Online', 'Instructor': 'Das,Anupam', 'Begin/End Dates': '08/22/22 - 12/05/22', 'Topic': '', 'Notes': ' class notes  Seat Info:\n\n\n\n\n\n\n\n'}]"
540,Database Management concepts and Systems, 3,Prerequisite: CSC 316,"[{'Section': '001', 'Component': 'Lec', 'Class #': '1951', 'Avail.': 'Open21/120', 'Day/Time': 'T/Th 11:45AM-1:00PM', 'Location': '2124 Engineering Building 3', 'Instructor': 'Ogan,Kemafor', 'Begin/End Dates': '08/22/22 - 12/05/22', 'Topic': '', 'Notes': ' class notes \n\n\n\n\n\n\n\n'}, {'Section': '601', 'Component': 'Lec', 'Class #': '9419', 'Avail.': 'Open30/30', 'Day/Time': ' TBD', 'Location': 'Distance Education - Online', 'Instructor': 'Ogan,Kemafor', 'Begin/End Dates': '08/22/22 - 12/05/22', 'Topic': '', 'Notes': ' class notes  Seat Info:\n\n\n\n\n\n\n\n'}]"
547,Cloud Computing Technology, 3,Also listed as: ECE 547 ,"[{'Section': '001', 'Component': 'Lec', 'Class #': '12020', 'Avail.': 'Closed0/55', 'Day/Time': 'M/W 6:00PM-7:15PM', 'Location': '2124 Engineering Building 3', 'Instructor': 'Viniotis,IoannisPapapanagiotou,Ioannis', 'Begin/End Dates': '08/22/22 - 12/05/22', 'Topic': '', 'Notes': ' class notes \n\n\n\n\n\n\n\n'}]"
554,Human-Computer Interaction, 3,Prerequisite: CSC 316,"[{'Section': '001', 'Component': 'Lec', 'Class #': '12003', 'Avail.': 'Closed0/100', 'Day/Time': 'T/Th 4:30PM-5:45PM', 'Location': '1231 Engineering Building 2', 'Instructor': 'Matsuda,Noboru', 'Begin/End Dates': '08/22/22 - 12/05/22', 'Topic': '', 'Notes': ' class notes \n\n\n\n\n\n\n\n'}]"
555,Social Computing and Decentralized Artificial Intelligence, 3,"This course surveys the field of social computing, introducing its key concepts, paradigms, and techniques. Specific topics are selected from the following list: social media and social network analytics, sociological underpinnings, crowdsourcing and surveys, human computation, social mobilization, human decision making, voting theory, judgment aggregation, prediction markets, economic mechanisms, incentives, organizational modeling, argumentation, contracts, norms, mobility and social context, sociotechnical systems, and software engineering with and for social computing. This course incorporates ideas from diverse disciplines [including sociology, psychology, law, economics, political science, logic, statistics, philosophy, business] to provide essential background for future computer science careers in industry and research.","[{'Section': '001', 'Component': 'Lec', 'Class #': '8341', 'Avail.': 'Waitlist0/30 (4)', 'Day/Time': 'M/W 1:30PM-2:45PM', 'Location': '2232 Engineering Building 3', 'Instructor': 'Singh,Munindar P', 'Begin/End Dates': '08/22/22 - 12/05/22', 'Topic': '', 'Notes': ' class notes \n\n\n\n\n\n\n\n'}, {'Section': '601', 'Component': 'Lec', 'Class #': '12148', 'Avail.': 'Open30/30', 'Day/Time': ' TBD', 'Location': 'Distance Education - Online', 'Instructor': 'Singh,Munindar P', 'Begin/End Dates': '08/22/22 - 12/05/22', 'Topic': '', 'Notes': ' class notes \n\n\n\n\n\n\n\n'}]"
561,Principles of Computer Graphics, 3,Prerequisite: CSC Majors,"[{'Section': '001', 'Component': 'Lec', 'Class #': '4911', 'Avail.': 'Open18/100', 'Day/Time': 'M/W 3:00PM-4:15PM', 'Location': '2124 Engineering Building 3', 'Instructor': 'Watson,Benjamin Allen', 'Begin/End Dates': '08/22/22 - 12/05/22', 'Topic': '', 'Notes': ' class notes \n\n\n\n\n\n\n\n'}, {'Section': '601', 'Component': 'Lec', 'Class #': '10162', 'Avail.': 'Open30/30', 'Day/Time': ' TBD', 'Location': 'Distance Education - Online', 'Instructor': 'Watson,Benjamin Allen', 'Begin/End Dates': '08/22/22 - 12/05/22', 'Topic': '', 'Notes': ' class notes  Seat Info:\n\n\n\n\n\n\n\n'}]"
570,Computer Networks, 3,Also listed as: ECE 570 ,"[{'Section': '001', 'Component': 'Lec', 'Class #': '1953', 'Avail.': 'Closed0/75', 'Day/Time': 'M/W 3:00PM-4:15PM', 'Location': '1231 Engineering Building 2', 'Instructor': 'Harfoush,Khaled Abdel Hamid', 'Begin/End Dates': '08/22/22 - 12/05/22', 'Topic': '', 'Notes': ' class notes \n\n\n\n\n\n\n\n'}, {'Section': '003', 'Component': 'Lec', 'Class #': '4690', 'Avail.': 'Open4/40', 'Day/Time': 'M/W 11:45AM-1:00PM', 'Location': '1021 Engineering Building 2', 'Instructor': 'Eun,Do Young', 'Begin/End Dates': '08/22/22 - 12/05/22', 'Topic': '', 'Notes': ' class notes  Seat Info:\n\n\n\n\n\n\n\n'}]"
573,Internet Protocols, 3,Also listed as: ECE 573 ,"[{'Section': '001', 'Component': 'Lec', 'Class #': '1955', 'Avail.': 'Closed0/60', 'Day/Time': 'M/W 4:30PM-5:45PM', 'Location': '2124 Engineering Building 3', 'Instructor': 'Harfoush,Khaled Abdel Hamid', 'Begin/End Dates': '08/22/22 - 12/05/22', 'Topic': '', 'Notes': ' class notes \n\n\n\n\n\n\n\n'}, {'Section': '002', 'Component': 'Lec', 'Class #': '1956', 'Avail.': 'Open50/60', 'Day/Time': 'T/Th 3:00PM-4:15PM', 'Location': '1231 Engineering Building 2', 'Instructor': 'Yu,Ruozhou', 'Begin/End Dates': '08/22/22 - 12/05/22', 'Topic': '', 'Notes': ' class notes  Seat Info:\n\n\n\n\n\n\n\n'}, {'Section': '601', 'Component': 'Lec', 'Class #': '5141', 'Avail.': 'Open30/30', 'Day/Time': ' TBD', 'Location': 'Distance Education - Online', 'Instructor': 'Harfoush,Khaled Abdel Hamid', 'Begin/End Dates': '08/22/22 - 12/05/22', 'Topic': '', 'Notes': ' class notes  Seat Info:\n\n\n\n\n\n\n\n'}]"
574,Computer and Network Security, 3,Also listed as: ECE 574 ,"[{'Section': '001', 'Component': 'Lec', 'Class #': '1957', 'Avail.': 'Open4/45', 'Day/Time': 'T/Th 10:15AM-11:30AM', 'Location': '2207 Engineering Building 3', 'Instructor': 'Enck,William H', 'Begin/End Dates': '08/22/22 - 12/05/22', 'Topic': '', 'Notes': ' class notes \n\n\n\n\n\n\n\n'}, {'Section': '601', 'Component': 'Lec', 'Class #': '8723', 'Avail.': 'Open30/30', 'Day/Time': ' TBD', 'Location': 'Distance Education - Online', 'Instructor': 'Enck,William H', 'Begin/End Dates': '08/22/22 - 12/05/22', 'Topic': '', 'Notes': ' class notes  Seat Info:\n\n\n\n\n\n\n\n'}]"
577,Switched Network Management, 3,Also listed as: ECE 577 ,"[{'Section': '001', 'Component': 'Lec', 'Class #': '7721', 'Avail.': 'Open25/30', 'Day/Time': 'M/W 1:30PM-2:45PM', 'Location': '2331 Fitts-Woolard Hall', 'Instructor': 'Viniotis,Ioannis', 'Begin/End Dates': '08/22/22 - 12/05/22', 'Topic': '', 'Notes': ' class notes \n\n\n\n\n\n\n\n'}, {'Section': '201', 'Component': 'Lab', 'Class #': '7722', 'Avail.': 'Open25/30', 'Day/Time': 'F 3:00PM-5:45PM', 'Location': '2321 Fitts-Woolard Hall', 'Instructor': 'Viniotis,Ioannis', 'Begin/End Dates': '08/22/22 - 12/05/22', 'Topic': '', 'Notes': ' \n\n\n\n\n\n\n\n'}]"
579,Introduction to Computer Performance Modeling, 3,Also listed as: ECE 579 OR 579 ,"[{'Section': '001', 'Component': 'Lec', 'Class #': '1958', 'Avail.': 'Waitlist0/20 (1)', 'Day/Time': 'M/W 11:45AM-1:00PM', 'Location': '2232 Engineering Building 3', 'Instructor': 'Rouskas,Georgios', 'Begin/End Dates': '08/22/22 - 12/05/22', 'Topic': '', 'Notes': ' class notes \n\n\n\n\n\n\n\n'}, {'Section': '601', 'Component': 'Lec', 'Class #': '7401', 'Avail.': 'Open30/30', 'Day/Time': ' TBD', 'Location': 'Distance Education - Online', 'Instructor': 'Rouskas,Georgios', 'Begin/End Dates': '08/22/22 - 12/05/22', 'Topic': '', 'Notes': ' class notes  Seat Info:\n\n\n\n\n\n\n\n'}]"
580,Numerical Analysis I, 3,Also listed as: MA 580 ,"[{'Section': '002', 'Component': 'Lec', 'Class #': '1959', 'Avail.': 'Waitlist0/5 (2)', 'Day/Time': 'T/Th 4:30PM-5:45PM', 'Location': '1218 SAS Hall', 'Instructor': 'Alexanderian,Alen', 'Begin/End Dates': '08/22/22 - 12/05/22', 'Topic': '', 'Notes': ' class notes \n\n\n\n\n\n\n\n'}]"
581,Game Engine Foundations, 3,"In this course we will examine some of the components of a commercial strength game engine. We will survey different genres of games, using some of the unique design challenges each genre provides as a motivation for an in-depth examination of the affordances games engines provide for designing games of that genre. We will cover topics ranging from data structures, resource management, game loops and logical timing systems, scripting, error logging, and networking. A sequence of programming assignments will lead students through the implementation of their own game engine, which they will use to design their own game.","[{'Section': '001', 'Component': 'Lec', 'Class #': '12004', 'Avail.': 'Open3/20', 'Day/Time': 'M/W 10:15AM-11:30AM', 'Location': '135 BTEC', 'Instructor': 'Roberts,David L', 'Begin/End Dates': '08/22/22 - 12/05/22', 'Topic': '', 'Notes': ' class notes \n\n\n\n\n\n\n\n'}]"
582,Computer Models of Interactive Narrative, 3,"A theoretical and practical study of the computational models supporting the creation of interactive narrative systems. Topics include basic introductions to cognitive, linguistic and film theoretic models of narrative; representations and reasoning techniques from artificial intelligence related to the creation of storylines, dialog, camera control and other features of narrative in text-based and/or 3D virtual worlds; mechanisms for controlling character behavior in multi-agent multi-user stories; and applications of these techniques ranging from interactive entertainment to educational software to training simulations.","[{'Section': '001', 'Component': 'Lec', 'Class #': '9938', 'Avail.': 'Open25/80', 'Day/Time': 'Th 4:30PM-7:15PM', 'Location': '2201 Engineering Building 3', 'Instructor': 'Jhala,Arnav H', 'Begin/End Dates': '08/22/22 - 12/05/22', 'Topic': '', 'Notes': ' class notes \n\n\n\n\n\n\n\n'}]"
591,Special Topics In Computer Science, 1 - 6,Prerequisite: B average in technical subjects,"[{'Section': '001', 'Component': 'Lec', 'Class #': '8970', 'Avail.': 'Open16/30', 'Day/Time': 'T/Th 10:15AM-11:30AM', 'Location': '4106 James B Hunt Jr Centenni', 'Instructor': 'Mueller,Rainer Frank', 'Begin/End Dates': '08/22/22 - 12/05/22', 'Topic': 'Quantum Computing', 'Notes': ' class notes \n\n\n\n\n\n\n\n'}, {'Section': '003', 'Component': 'Lec', 'Class #': '6691', 'Avail.': 'Waitlist0/20 (0)', 'Day/Time': 'T 4:30PM-7:15PM', 'Location': '1229 Engineering Building 2', 'Instructor': 'Jhala,Arnav H', 'Begin/End Dates': '08/22/22 - 12/05/22', 'Topic': 'Comp Visual Narrative', 'Notes': ' class notes \n\n\n\n\n\n\n\n'}, {'Section': '021', 'Component': 'Lec', 'Class #': '5446', 'Avail.': 'Open14/120', 'Day/Time': 'T/Th 11:45AM-1:00PM', 'Location': '2336 Fitts-Woolard Hall', 'Instructor': 'Menzies,Timothy James', 'Begin/End Dates': '08/22/22 - 12/05/22', 'Topic': 'Automated Software Engineering', 'Notes': ' class notes \n\n\n\n\n\n\n\n'}, {'Section': '025', 'Component': 'Lec', 'Class #': '10671', 'Avail.': 'Closed0/20', 'Day/Time': 'F 8:30AM-11:15AM', 'Location': '2201 Engineering Building 3', 'Instructor': 'Shen,Xipeng', 'Begin/End Dates': '08/22/22 - 12/05/22', 'Topic': 'High Performance Machine Learning and Real-Time AI', 'Notes': ' class notes \n\n\n\n\n\n\n\n'}, {'Section': '069', 'Component': 'Lec', 'Class #': '8058', 'Avail.': 'Waitlist0/20 (0)', 'Day/Time': 'M/W 10:15AM-11:30AM', 'Location': '2015 Engineering Building I', 'Instructor': 'Eun,Do Young', 'Begin/End Dates': '08/22/22 - 12/05/22', 'Topic': 'Network Science', 'Notes': ' class notes \n\n\n\n\n\n\n\n'}, {'Section': '078', 'Component': 'Lec', 'Class #': '8685', 'Avail.': 'Open5/10', 'Day/Time': 'T/Th 3:00PM-4:15PM', 'Location': '1230 Engineering Building 2', 'Instructor': 'Guvenc,Ismail', 'Begin/End Dates': '08/22/22 - 12/05/22', 'Topic': 'LTE and 5G Communications', 'Notes': ' class notes \n\n\n\n\n\n\n\n'}, {'Section': '080', 'Component': 'Lec', 'Class #': '8955', 'Avail.': 'Open2/5', 'Day/Time': 'M/W 4:30PM-5:45PM', 'Location': '2220 Engineering Building 3', 'Instructor': 'Aysu,Aydin', 'Begin/End Dates': '08/22/22 - 12/05/22', 'Topic': 'Cryptographic Engineering and Hardware Security', 'Notes': ' class notes \n\n\n\n\n\n\n\n'}, {'Section': '084', 'Component': 'Lec', 'Class #': '9351', 'Avail.': 'Open11/25', 'Day/Time': 'M/W 4:30PM-5:45PM', 'Location': '2207 Engineering Building 3', 'Instructor': 'Lin,Shih-Chun', 'Begin/End Dates': '08/22/22 - 12/05/22', 'Topic': 'Optimization and Algorithms', 'Notes': ' class notes \n\n\n\n\n\n\n\n'}, {'Section': '604', 'Component': 'Lec', 'Class #': '5214', 'Avail.': 'Open10/10', 'Day/Time': ' TBD', 'Location': '', 'Instructor': 'Staff', 'Begin/End Dates': '08/22/22 - 12/05/22', 'Topic': 'Neural Networks and Deep Learning', 'Notes': ' class notes  Seat Info:\n\n\n\n\n\n\n\n'}, {'Section': '608', 'Component': 'Lec', 'Class #': '11224', 'Avail.': 'Open30/30', 'Day/Time': ' TBD', 'Location': 'Distance Education - Online', 'Instructor': 'Guvenc,Ismail', 'Begin/End Dates': '08/22/22 - 12/05/22', 'Topic': 'LTE and 5G Communications', 'Notes': ' class notes \n\n\n\n\n\n\n\n'}, {'Section': '611', 'Component': 'Lec', 'Class #': '10430', 'Avail.': 'Open30/30', 'Day/Time': ' TBD', 'Location': 'Distance Education - Online', 'Instructor': 'Lin,Shih-Chun', 'Begin/End Dates': '08/22/22 - 12/05/22', 'Topic': 'Optimization and Algorithms', 'Notes': ' class notes \n\n\n\n\n\n\n\n'}]"
600,Computer Science Graduate Orientation, 1,"Introduction for new graduate students to [a] information about graduate program, department, and university resources, and [b] research projects conducted by CSC faculty.","[{'Section': '001', 'Component': 'Lec', 'Class #': '1960', 'Avail.': 'Open170/200', 'Day/Time': 'F 12:50PM-1:40PM', 'Location': '1025 Engineering Building 2', 'Instructor': 'Healey,Christopher GrahamRouskas,Georgios', 'Begin/End Dates': '08/22/22 - 12/05/22', 'Topic': '', 'Notes': ' class notes \n\n\n\n\n\n\n\n'}, {'Section': '002', 'Component': 'Lec', 'Class #': '5553', 'Avail.': 'Open74/100', 'Day/Time': 'F 12:50PM-1:40PM', 'Location': '1021 Engineering Building 2', 'Instructor': 'Healey,Christopher GrahamRouskas,Georgios', 'Begin/End Dates': '08/22/22 - 12/05/22', 'Topic': '', 'Notes': ' class notes \n\n\n\n\n\n\n\n'}, {'Section': '601', 'Component': 'Lec', 'Class #': '1961', 'Avail.': 'Open40/40', 'Day/Time': ' TBD', 'Location': 'Distance Education - Online', 'Instructor': 'Rouskas,Georgios', 'Begin/End Dates': '08/22/22 - 12/05/22', 'Topic': '', 'Notes': ' class notes  Seat Info:\n\n\n\n\n\n\n\n'}]"
630,Master's Independent Study, 1 - 3,Individual investigation of topics under the direction of member[s] of the graduate faculty.,"[{'Section': '001', 'Component': 'Ind', 'Class #': '1962', 'Avail.': 'Open100/100', 'Day/Time': ' TBD', 'Location': '', 'Instructor': 'Staff', 'Begin/End Dates': '08/22/22 - 12/05/22', 'Topic': '', 'Notes': ' class notes  Seat Info:\n\n\n\n\n\n\n\n'}]"
690,Master's Examination, 1 - 9,Prerequisite: Master's student,"[{'Section': '001', 'Component': 'The', 'Class #': '1966', 'Avail.': 'Open100/100', 'Day/Time': ' TBD', 'Location': '', 'Instructor': 'Staff', 'Begin/End Dates': '08/22/22 - 12/05/22', 'Topic': '', 'Notes': '  Seat Info:\n\n\n\n\n\n\n\n'}]"
693,Master's Supervised Research, 1 - 9,Prerequisite: Master's student,"[{'Section': '001', 'Component': 'Res', 'Class #': '1967', 'Avail.': 'Open100/100', 'Day/Time': ' TBD', 'Location': '', 'Instructor': 'Staff', 'Begin/End Dates': '08/22/22 - 12/05/22', 'Topic': '', 'Notes': ' class notes  Seat Info:\n\n\n\n\n\n\n\n'}]"
695,Master's Thesis Research, 1 - 9,Prerequisite: Master's student,"[{'Section': '001', 'Component': 'Res', 'Class #': '1968', 'Avail.': 'Open98/100', 'Day/Time': ' TBD', 'Location': '', 'Instructor': 'Staff', 'Begin/End Dates': '08/22/22 - 12/05/22', 'Topic': '', 'Notes': ' class notes  Seat Info:\n\n\n\n\n\n\n\n'}]"
699,Master's Thesis Preparation, 1 - 9,Prerequisite: Master's student,"[{'Section': '001', 'Component': 'The', 'Class #': '1969', 'Avail.': 'Open100/100', 'Day/Time': ' TBD', 'Location': '', 'Instructor': 'Staff', 'Begin/End Dates': '08/22/22 - 12/05/22', 'Topic': '', 'Notes': ' class notes  Seat Info:\n\n\n\n\n\n\n\n'}]"
711,Geospatial Data Management, 3,Also listed as: GIS 711 ,"[{'Section': '001', 'Component': 'Lec', 'Class #': '12007', 'Avail.': 'Waitlist0/5 (1)', 'Day/Time': 'T 4:30PM-7:15PM', 'Location': '1109 Jordan Hall', 'Instructor': 'Vatsavai,Ranga Raju', 'Begin/End Dates': '08/22/22 - 12/05/22', 'Topic': '', 'Notes': ' \n\n\n\n\n\n\n\n'}]"
791,Advanced Topics In Computer Science, 1 - 6,Advanced topics of current interest in computer science not covered by existing courses.,"[{'Section': '001', 'Component': 'Lec', 'Class #': '12008', 'Avail.': 'Reserved16/20', 'Day/Time': 'T/Th 4:30PM-5:45PM', 'Location': '1231 Engineering Building 2', 'Instructor': 'Matsuda,Noboru', 'Begin/End Dates': '08/22/22 - 12/05/22', 'Topic': 'Human Computer Interaction', 'Notes': '  Seat Info:\n\n\n\n\n\n\n\n'}, {'Section': '012', 'Component': 'Lec', 'Class #': '9179', 'Avail.': 'Open10/30', 'Day/Time': 'M/W 3:00PM-4:15PM', 'Location': '2232 Engineering Building 3', 'Instructor': 'Singh,Munindar P', 'Begin/End Dates': '08/22/22 - 12/05/22', 'Topic': 'Natural Language Processing', 'Notes': ' class notes \n\n\n\n\n\n\n\n'}, {'Section': '021', 'Component': 'Lec', 'Class #': '7428', 'Avail.': 'Open10/20', 'Day/Time': 'T/Th 11:45AM-1:00PM', 'Location': '2336 Fitts-Woolard Hall', 'Instructor': 'Menzies,Timothy James', 'Begin/End Dates': '08/22/22 - 12/05/22', 'Topic': 'Automated Software Engineering', 'Notes': ' class notes \n\n\n\n\n\n\n\n'}, {'Section': '025', 'Component': 'Lec', 'Class #': '10673', 'Avail.': 'Waitlist0/20 (1)', 'Day/Time': 'F 8:30AM-11:15AM', 'Location': '2201 Engineering Building 3', 'Instructor': 'Shen,Xipeng', 'Begin/End Dates': '08/22/22 - 12/05/22', 'Topic': 'High Performance Machine Learning and Real-Time AI', 'Notes': ' class notes \n\n\n\n\n\n\n\n'}, {'Section': '603', 'Component': 'Lec', 'Class #': '6302', 'Avail.': 'Open30/30', 'Day/Time': ' TBD', 'Location': 'Distance Education - Online', 'Instructor': 'Singh,Munindar P', 'Begin/End Dates': '08/22/22 - 12/05/22', 'Topic': 'Natural Language Processing', 'Notes': ' class notes \n\n\n\n\n\n\n\n'}]"
801,Seminar in Computer Science, 1 - 3,Prerequisite: Graduate standing,"[{'Section': '001', 'Component': 'Pro', 'Class #': '1970', 'Avail.': 'Open19/45', 'Day/Time': 'F 9:35AM-12:20PM', 'Location': '1226 Engineering Building 2', 'Instructor': 'Dutta,Rudra', 'Begin/End Dates': '08/22/22 - 12/05/22', 'Topic': '', 'Notes': ' class notes \n\n\n\n\n\n\n\n'}]"
830,Doctoral Independent Study, 1 - 3,Individual investigation of advanced topics under the direction of member[s] of the graduate faculty.,"[{'Section': '001', 'Component': 'Ind', 'Class #': '1972', 'Avail.': 'Open99/100', 'Day/Time': ' TBD', 'Location': '', 'Instructor': 'Staff', 'Begin/End Dates': '08/22/22 - 12/05/22', 'Topic': '', 'Notes': ' class notes \n\n\n\n\n\n\n\n'}]"
885,Doctoral Supervised Teaching, 1 - 3,Prerequisite: Doctoral student,"[{'Section': '001', 'Component': 'Lec', 'Class #': '1973', 'Avail.': 'Open100/100', 'Day/Time': ' TBD', 'Location': '', 'Instructor': 'Staff', 'Begin/End Dates': '08/22/22 - 12/05/22', 'Topic': '', 'Notes': ' \n\n\n\n\n\n\n\n'}]"
890,Doctoral Preliminary Exam, 1 - 9,Prerequisite: Doctoral student,"[{'Section': '001', 'Component': 'The', 'Class #': '1974', 'Avail.': 'Open89/100', 'Day/Time': ' TBD', 'Location': '', 'Instructor': 'Staff', 'Begin/End Dates': '08/22/22 - 12/05/22', 'Topic': '', 'Notes': ' class notes \n\n\n\n\n\n\n\n'}]"
893,Doctoral Supervised Research, 1 - 9,Prerequisite: Doctoral student,"[{'Section': '001', 'Component': 'Res', 'Class #': '1975', 'Avail.': 'Open157/200', 'Day/Time': ' TBD', 'Location': '', 'Instructor': 'Staff', 'Begin/End Dates': '08/22/22 - 12/05/22', 'Topic': '', 'Notes': ' class notes \n\n\n\n\n\n\n\n'}]"
895,Doctoral Dissertation Research, 1 - 9,Prerequisite: Doctoral student,"[{'Section': '001', 'Component': 'Res', 'Class #': '1976', 'Avail.': 'Open100/100', 'Day/Time': ' TBD', 'Location': '', 'Instructor': 'Staff', 'Begin/End Dates': '08/22/22 - 12/05/22', 'Topic': '', 'Notes': ' class notes \n\n\n\n\n\n\n\n'}]"
899,Doctoral Dissertation Preparation, 1 - 9,Prerequisite: Doctoral student,"[{'Section': '001', 'Component': 'The', 'Class #': '1977', 'Avail.': 'Open100/100', 'Day/Time': ' TBD', 'Location': '', 'Instructor': 'Staff', 'Begin/End Dates': '08/22/22 - 12/05/22', 'Topic': '', 'Notes': ' class notes \n\n\n\n\n\n\n\n'}]"
